{
  "version": "1.0",
  "generator": "TalkStudio",
  "createdAt": "2025-12-25T15:26:39.772Z",
  "totalFrames": 2,
  "totalDuration": 3,
  "fps": 30,
  "resolution": "390x844",
  "frames": [
    {
      "index": 0,
      "filename": "frames/frame_0000.png",
      "duration": 1.6400000000000001,
      "messagePreview": "안녕하세요! TalkStudio입니다."
    },
    {
      "index": 1,
      "filename": "frames/frame_0001.png",
      "duration": 1.36,
      "messagePreview": "우와, 진짜 카톡 같네요!"
    }
  ],
  "theme": "kakao"
}